t_id_direccion;t_id_predio
870919;870918
864281;864280
661168;661167
658413;658412
661418;661417
658385;658384
659132;659131
673823;673822
659802;659801
660794;660793
660882;660881
670524;670523
660016;660015
659152;659151
660066;660065
658846;658845
661088;661087
672370;672369
659112;659111
658898;658897
661314;661313
660432;660431
868724;868723
660916;660915
659986;659985
659114;659113
660487;660486
660126;660125
659053;659052
661082;661081
660477;660476
658982;658981
659596;659595
668867;668866
659856;659855
660886;660885
937989;937988
867301;867300
658601;658600
659432;659431
659128;659127
660547;660546
659508;659507
658427;658426
660406;660405
658767;658766
659492;659491
660026;660025
660249;660248
660575;660574
659338;659337
671151;671150
660220;660219
798675;798674
660704;660703
659446;659445
661402;661401
659798;659797
857902;857901
876795;876794
660358;660357
659940;659939
882691;882690
659069;659068
661010;661009
843403;843402
661076;661075
660732;660731
659664;659663
659960;659959
834801;834800
659870;659869
660473;660472
661052;661051
661231;661230
659136;659135
659982;659981
661054;661053
659954;659953
658573;658572
659582;659581
661340;661339
868534;868533
661198;661197
659820;659819
658848;658847
659880;659879
672921;672920
875248;875247
660994;660993
660008;660007
670585;670584
660471;660470
661172;661171
661130;661129
659924;659923
660044;660043
658884;658883
660285;660284
798677;798676
659768;659767
802630;802629
797162;797161
661426;661425
658826;658825
659548;659547
660768;660767
674400;674399
659372;659371
859165;859164
1065210;1065209
660539;660538
660926;660925
660834;660833
1065186;1065185
660591;660590
658575;658574
659992;659991
881738;881737
660936;660935
660168;660167
658585;658584
659594;659593
659796;659795
878831;878830
659692;659691
661202;661201
661452;661451
659818;659817
1065228;1065227
661356;661355
660774;660773
658990;658989
661124;661123
660158;660157
660664;660663
661120;661119
660422;660421
878565;878564
659085;659084
660390;660389
659406;659405
660878;660877
659364;659363
659804;659803
660086;660085
659628;659627
937576;937575
660142;660141
660420;660419
661686;661685
797122;797121
660054;660053
660166;660165
660790;660789
659398;659397
661218;661217
660798;660797
660114;660113
874460;874459
660343;660342
659558;659557
658367;658366
660022;660021
661344;661343
660503;660502
660746;660745
658880;658879
659348;659347
659896;659895
659434;659433
659866;659865
660062;660061
797160;797159
661030;661029
660319;660318
659572;659571
658864;658863
661186;661185
658894;658893
658900;658899
661394;661393
660080;660079
660924;660923
661273;661272
671306;671305
660914;660913
660585;660584
659161;659160
660872;660871
658363;658362
660577;660576
661322;661321
661462;661461
660392;660391
661308;661307
660162;660161
661044;661043
660299;660298
661138;661137
662125;662124
659916;659915
876021;876020
661310;661309
661312;661311
660712;660711
659598;659597
671956;671955
659978;659977
659606;659605
661178;661177
661672;661671
661122;661121
664803;664802
660291;660290
659426;659425
659269;659268
661753;661752
661192;661191
659170;659169
661226;661225
660720;660719
661294;661293
661396;661395
952094;952093
659458;659457
659454;659453
659468;659467
659546;659545
660954;660953
803975;803974
659740;659739
659698;659697
659678;659677
661326;661325
660120;660119
875390;875389
660986;660985
660698;660697
660156;660155
670518;670517
883538;883537
660828;660827
659988;659987
760576;760575
663571;663570
660718;660717
660772;660771
662190;662189
660463;660462
661034;661033
659316;659315
659882;659881
658840;658839
659116;659115
661188;661187
660372;660371
659368;659367
660134;660133
659334;659333
661622;661621
1058201;1058200
659146;659145
659328;659327
659574;659573
661694;661693
661012;661011
660018;660017
660218;660217
661586;661585
660605;660604
660154;660153
760214;760213
660634;660633
937983;937982
660006;660005
659736;659735
798673;798672
659932;659931
659584;659583
659936;659935
660273;660272
660976;660975
660912;660911
660144;660143
660900;660899
661408;661407
660668;660667
660410;660409
673914;673913
660106;660105
659810;659809
661460;661459
660545;660544
659396;659395
660513;660512
660337;660336
660734;660733
659450;659449
659904;659903
672616;672615
660232;660231
659360;659359
661156;661155
797082;797081
660894;660893
660426;660425
659416;659415
673244;673243
660449;660448
659400;659399
1057709;1057708
658822;658821
659850;659849
661378;661377
660680;660679
660098;660097
660481;660480
658882;658881
659498;659497
660551;660550
659472;659471
661517;661516
660579;660578
660984;660983
660784;660783
660012;660011
866624;866623
658421;658420
661612;661611
778969;778968
661368;661367
661422;661421
659794;659793
660122;660121
660028;660027
662229;662228
661670;661669
661040;661039
659742;659741
659700;659699
1065224;1065223
661102;661101
660501;660500
659876;659875
660904;660903
661042;661041
1057707;1057706
660301;660300
661106;661105
659474;659473
658980;658979
659444;659443
660140;660139
661078;661077
883673;883672
866309;866308
660321;660320
660459;660458
660884;660883
659990;659989
659346;659345
660846;660845
659616;659615
660180;660179
660557;660556
659290;659289
804320;804319
659292;659291
659412;659411
660938;660937
659840;659839
659602;659601
661032;661031
659428;659427
659908;659907
661018;661017
879475;879474
659590;659589
659578;659577
659712;659711
1065172;1065171
660182;660181
658842;658841
660146;660145
660438;660437
798560;798559
660024;660023
661064;661063
659734;659733
1065248;1065247
659366;659365
658938;658937
659928;659927
660726;660725
879728;879727
658381;658380
672976;672975
660644;660643
661620;661619
660038;660037
781592;781591
660265;660264
661212;661211
660305;660304
660708;660707
797164;797163
661614;661613
778551;778550
660251;660250
659041;659040
660922;660921
661480;661479
876695;876694
658988;658987
804322;804321
797126;797125
660297;660296
674774;674773
660716;660715
661529;661528
875795;875794
661666;661665
660295;660294
659898;659897
660511;660510
660394;660393
658830;658829
660962;660961
659790;659789
659744;659743
877386;877385
877237;877236
660014;660013
660864;660863
672206;672205
670455;670454
660786;660785
660970;660969
671215;671214
660748;660747
659516;659515
660287;660286
660386;660385
659836;659835
660064;660063
662227;662226
920021;920020
661304;661303
661132;661131
660247;660246
660672;660671
660607;660606
661320;661319
660329;660328
834466;834465
744588;744587
660621;660620
659864;659863
658359;658358
933547;933546
660730;660729
1057695;1057694
668932;668931
660491;660490
1065244;1065243
659045;659044
660277;660276
661392;661391
660830;660829
661420;661419
659918;659917
1065252;1065251
659530;659529
1057721;1057720
659562;659561
660880;660879
661416;661415
661290;661289
797130;797129
671466;671465
660567;660566
661565;661564
660549;660548
660952;660951
660052;660051
797084;797083
864866;864865
660116;660115
660354;660353
659142;659141
659858;659857
661726;661725
660840;660839
660479;660478
661092;661091
660384;660383
660382;660381
658773;658772
660030;660029
659480;659479
660676;660675
661336;661335
659716;659715
660920;660919
658862;658861
662106;662105
660002;660001
660152;660151
659688;659687
658986;658985
798504;798503
660341;660340
661026;661025
660523;660522
661374;661373
659984;659983
661220;661219
660408;660407
660571;660570
660852;660851
659039;659038
1065226;1065225
659282;659281
672839;672838
661094;661093
659976;659975
660674;660673
662186;662185
661046;661045
661618;661617
673141;673140
661214;661213
659484;659483
661267;661266
663582;663581
1065232;1065231
661523;661522
658737;658736
660032;660031
673623;673622
660128;660127
659524;659523
660226;660225
671999;671998
660978;660977
742976;742975
659500;659499
856467;856466
661424;661423
659460;659459
660559;660558
659490;659489
660184;660183
659488;659487
661176;661175
760123;760122
660493;660492
661390;661389
661261;661260
672432;672431
661014;661013
659728;659727
660380;660379
1065264;1065263
874962;874961
661338;661337
660850;660849
661166;661165
661334;661333
658828;658827
1065266;1065265
661474;661473
872083;872082
659424;659423
659410;659409
660940;660939
660416;660415
658896;658895
660692;660691
659706;659705
661412;661411
661436;661435
863917;863916
659051;659050
658892;658891
660958;660957
659586;659585
661164;661163
674305;674304
798500;798499
661128;661127
658684;658683
660988;660987
659376;659375
671913;671912
660000;659999
660352;660351
658998;658997
661352;661351
659612;659611
660670;660669
660838;660837
660188;660187
659772;659771
661380;661379
661006;661005
661545;661544
658583;658582
798588;798587
661354;661353
660974;660973
659694;659693
659000;658999
660700;660699
660451;660450
661535;661534
661174;661173
660678;660677
877080;877079
661104;661103
658387;658386
670545;670544
1065138;1065137
660860;660859
659972;659971
1065140;1065139
658405;658404
659900;659899
660222;660221
660461;660460
659448;659447
659157;659156
660331;660330
856469;856468
659696;659695
659998;659997
1047073;1047072
662042;662041
659476;659475
1058199;1058198
661553;661552
877605;877604
659622;659621
659073;659072
661358;661357
660910;660909
661626;661625
660396;660395
660056;660055
660998;660997
659286;659285
661688;661687
661680;661679
659826;659825
661372;661371
660076;660075
661478;661477
659506;659505
661360;661359
672316;672315
660376;660375
660652;660651
660457;660456
660497;660496
660010;660009
658375;658374
658419;658418
661048;661047
865807;865806
659886;659885
662197;662196
1072414;1072413
660944;660943
660495;660494
1058625;1058624
798532;798531
1057701;1057700
766204;766203
658439;658438
659852;659851
660930;660929
661539;661538
760818;760817
661084;661083
659438;659437
659760;659759
661454;661453
660082;660081
798418;798417
659626;659625
803973;803972
660327;660326
658872;658871
661616;661615
661038;661037
660148;660147
660826;660825
1065258;1065257
929545;929544
658936;658935
660112;660111
660632;660631
659770;659769
659404;659403
672476;672475
659452;659451
661316;661315
660640;660639
673701;673700
659892;659891
1065216;1065215
876979;876978
658765;658764
659722;659721
1065206;1065205
659724;659723
662184;662183
659482;659481
662223;662222
660982;660981
661674;661673
660740;660739
866216;866215
659732;659731
760578;760577
660404;660403
658599;658598
1065260;1065259
659031;659030
660362;660361
674361;674360
660078;660077
659320;659319
658407;658406
1065242;1065241
659588;659587
661384;661383
658810;658809
661265;661264
660212;660211
661348;661347
660412;660411
660902;660901
1065184;1065183
659103;659102
663563;663562
659710;659709
660573;660572
859356;859355
672239;672238
661208;661207
661068;661067
661482;661481
660888;660887
658874;658873
659308;659307
660658;660657
1072418;1072417
659874;659873
661438;661437
662174;662173
659496;659495
659654;659653
660214;660213
660430;660429
660686;660685
660058;660057
658409;658408
661440;661439
659354;659353
659762;659761
660509;660508
659440;659439
669760;669759
877432;877431
659542;659541
1065246;1065245
659946;659945
856471;856470
879914;879913
659784;659783
881421;881420
659522;659521
660453;660452
881705;881704
661110;661109
798502;798501
659312;659311
937574;937573
661414;661413
659394;659393
658425;658424
1065286;1065285
660267;660266
659544;659543
659456;659455
658968;658967
660553;660552
658603;658602
661196;661195
659370;659369
660836;660835
661328;661327
661404;661403
659800;659799
660525;660524
659257;659256
871991;871990
661136;661135
661592;661591
661020;661019
659974;659973
659910;659909
659708;659707
662121;662120
660108;660107
659380;659379
660682;660681
658886;658885
661458;661457
660138;660137
672057;672056
659914;659913
661450;661449
1065262;1065261
660742;660741
661194;661193
659624;659623
661684;661683
673183;673182
661184;661183
660309;660308
658718;658717
864519;864518
1058203;1058202
660778;660777
660714;660713
661058;661057
660424;660423
659422;659421
660088;660087
660050;660049
660483;660482
863868;863867
660434;660433
660535;660534
661448;661447
660046;660045
659830;659829
660440;660439
659130;659129
881384;881383
660818;660817
661144;661143
670780;670779
659756;659755
658383;658382
660980;660979
661002;661001
658832;658831
658844;658843
661676;661675
660650;660649
671323;671322
660368;660367
658437;658436
660780;660779
659580;659579
658902;658901
660595;660594
660537;660536
658996;658995
658373;658372
674420;674419
660186;660185
659980;659979
1065204;1065203
660932;660931
661324;661323
659690;659689
661519;661518
875632;875631
659512;659511
661306;661305
658824;658823
660102;660101
661210;661209
660862;660861
661056;661055
797124;797123
659532;659531
658992;658991
659614;659613
659964;659963
660527;660526
661134;661133
660766;660765
798644;798643
658878;658877
856425;856424
661376;661375
660293;660292
659079;659078
658569;658568
865102;865101
778484;778483
660475;660474
659556;659555
661434;661433
659538;659537
660283;660282
802632;802629
659884;659883
661632;661631
883852;883851
660744;660743
660531;660530
659071;659070
659718;659717
661521;661520
659888;659887
660587;660586
661364;661363
660170;660169
661698;661697
673008;673007
658850;658849
659994;659993
660565;660564
659510;659509
659948;659947
660094;660093
661630;661629
1072416;1072415
660048;660047
659356;659355
661255;661254
659122;659121
660908;660907
660335;660334
660364;660363
660060;660059
829489;829488
661170;661169
661279;661278
661204;661203
659970;659969
660068;660067
661000;660999
660350;660349
659466;659465
661561;661560
661066;661065
856904;856903
659942;659941
658379;658378
660164;660163
660870;660869
660792;660791
660543;660542
660946;660945
660541;660540
658597;658596
659786;659785
660499;660498
659950;659949
797128;797127
659618;659617
661386;661385
671648;671647
659816;659815
660339;660338
878080;878079
661362;661361
660972;660971
658860;658859
659536;659535
659436;659435
659922;659921
658870;658869
658890;658889
660303;660302
661366;661365
661206;661205
1057705;1057704
659766;659765
660034;660033
660036;660035
660398;660397
660990;660989
660722;660721
660824;660823
856473;856472
659362;659361
661537;661536
658771;658770
658854;658853
658365;658364
660597;660596
659306;659305
660762;660761
660822;660821
659340;659339
660040;660039
661160;661159
660776;660775
658429;658428
660228;660227
661126;661125
660110;660109
661190;661189
660613;660612
660628;660627
659702;659701
658571;658570
659464;659463
662129;662128
660325;660324
660118;660117
671414;671413
659534;659533
660630;660629
659442;659441
659672;659671
660868;660867
661074;661073
659118;659117
797086;797085
661350;661349
659764;659763
1057703;1057702
658858;658857
659430;659429
660414;660413
661182;661181
658820;658819
798496;798495
659374;659373
660323;660322
661716;661715
659528;659527
659576;659575
851985;851984
863139;863138
658852;658851
662221;662220
661100;661099
659920;659919
660906;660905
658441;658440
659592;659591
661098;661097
660601;660600
661146;661145
661300;661299
659752;659751
660136;660135
660603;660602
659608;659607
659906;659905
661060;661059
661118;661117
1065222;1065221
661400;661399
659504;659503
659968;659967
660832;660831
660042;660041
660428;660427
661432;661431
660619;660618
671390;671389
659067;659066
659868;659867
659502;659501
659029;659028
660150;660149
661140;661139
661346;661345
660660;660659
659674;659673
660563;660562
659550;659549
661062;661061
661050;661049
660896;660895
659750;659749
872419;872418
658838;658837
797166;797165
660020;660019
661555;661554
660876;660875
764212;764211
661406;661405
672480;672479
661216;661215
660800;660799
660436;660435
660176;660175
798618;798617
798534;798533
660281;660280
659808;659807
660950;660949
661283;661282
861095;861094
660072;660071
797088;797087
660418;660417
659566;659565
658411;658410
885781;885780
661180;661179
661318;661317
660388;660387
1065168;1065167
659726;659725
661016;661015
660960;660959
660666;660665
660820;660819
660806;660805
659844;659843
1065208;1065207
882817;882816
658577;658576
661330;661329
660090;660089
659738;659737
878561;878560
660874;660873
661028;661027
661096;661095
661442;661441
660898;660897
659560;659559
658369;658368
661541;661540
661430;661429
661296;661295
661342;661341
659462;659461
660642;660641
660966;660965
659552;659551
661108;661107
659748;659747
865809;865808
661682;661681
660816;660815
659520;659519
672402;672401
658868;658867
660515;660514
668901;668900
660724;660723
659860;659859
659470;659469
660289;660288
660892;660891
659620;659619
659486;659485
659958;659957
659842;659841
659138;659137
760216;760215
673515;673514
798498;798497
659926;659925
659600;659599
1065230;1065229
865169;865168
659878;659877
658866;658865
661370;661369
661112;661111
660507;660506
660104;660103
660854;660853
660599;660598
1065250;1065249
660092;660091
671685;671684
659966;659965
659754;659753
660569;660568
660611;660610
659494;659493
660802;660801
660505;660504
660465;660464
658966;658965
660070;660069
659746;659745
660758;660757
658739;658738
661022;661021
659956;659955
661444;661443
660174;660173
883524;883523
658357;658356
660844;660843
662225;662224
659382;659381
797152;797151
660311;660310
660738;660737
668170;668169
659518;659517
870110;870109
660942;660941
660918;660917
660928;660927
659554;659553
658579;658578
1057697;1057696
658587;658586
659610;659609
660964;660963
660648;660647
659996;659995
661700;661699
1065182;1065181
659828;659827
659832;659831
659862;659861
778971;778970
659408;659407
877914;877913
661008;661007
778648;778647
660130;660129
660856;660855
661588;661587
660210;660209
661638;661637
863313;863312
661696;661695
661036;661035
659834;659833
661428;661427
660485;660484
660696;660695
660333;660332
660615;660614
660178;660177
873346;873345
661382;661381
660124;660123
660469;660468
660533;660532
660804;660803
661468;661467
660812;660811
662127;662126
659540;659539
660489;660488
661090;661089
659570;659569
869357;869356
659057;659056
661116;661115
661271;661270
870112;870111
660702;660701
660074;660073
659714;659713
1065160;1065159
661678;661677
663580;663579
659720;659719
660736;660735
661476;661475
659912;659911
661004;661003
659846;659845
659314;659313
659526;659525
659854;659853
659007;659006
659824;659823
659414;659413
660269;660268
660754;660753
660366;660365
659514;659513
659420;659419
862631;862630
877659;877658
660455;660454
660467;660466
673137;673136
660521;660520
660402;660401
660374;660373
660172;660171
658984;658983
660638;660637
661664;661663
660589;660588
661398;661397
661263;661262
661086;661085
660275;660274
660968;660967
659944;659943
660004;660003
660084;660083
659962;659961
659902;659901
661200;661199
659848;659847
659890;659889
660750;660749
937578;937577
661024;661023
660313;660312
1065256;1065255
672859;672858
659378;659377
661388;661387
878316;878315
660866;660865
872368;872367
661569;661568
660279;660278
660646;660645
660581;660580
659564;659563
661114;661113
661718;661717
856427;856426
661668;661667
658856;658855
658371;658370
658964;658963
802631;802629
662168;662167
658433;658432
659872;659871
661662;661661
658976;658975
660788;660787
866033;866032
660992;660991
660948;660947
659792;659791
661640;661639
660684;660683
797156;797155
659330;659329
660096;660095
660858;660857
659418;659417
863216;863215
660216;660215
670845;670844
662144;662143
660796;660795
661332;661331
659304;659303
660259;660258
660934;660933
1065170;1065169
660100;660099
863391;863390
658417;658416
661288;661287
661244;661243
660202;660201
659350;659349
660378;660377
660890;660889
660370;660369
661692;661691
658377;658376
659730;659729
661690;661689
670222;670221
662172;662171
661302;661301
659704;659703
660555;660554
798530;798529
660656;660655
660132;660131
