t_id_direccion;t_id_predio;nombre_predio
661696;661695;
659942;659941;
660571;660570;
659502;659501;
660513;660512;
659726;659725;
672206;672205;
659834;659833;
660249;660248;
798673;798672;
661086;661085;
659132;659131;
661430;661429;
659146;659145;
660214;660213;
660331;660330;
660162;660161;
660515;660514;
659368;659367;
660820;660819;
1047073;1047072;0
659566;659565;
662190;662189;
660066;660065;
661010;661009;
661364;661363;
659602;659601;
660026;660025;
659130;659129;
660567;660566;
661088;661087;
661482;661481;
797156;797155;
661263;661262;
673823;673822;
660068;660067;
661432;661431;
797088;797087;
659820;659819;
661008;661007;
659372;659371;
662223;662222;
803973;803972;
661632;661631;
1065250;1065249;
877432;877431;
659562;659561;
660978;660977;
658902;658901;
660186;660185;
660852;660851;
661314;661313;
660746;660745;
659416;659415;
658832;658831;
659718;659717;
659000;658999;
660898;660897;
660563;660562;
660465;660464;
659031;659030;
659532;659531;
659910;659909;
661588;661587;
672976;672975;
661202;661201;
659948;659947;
660299;660298;
1058199;1058198;0
670518;670517;
661426;661425;
660072;660071;
660569;660568;
660350;660349;
797164;797163;
875248;875247;
660601;660600;
760214;760213;
760123;760122;0
659816;659815;
1065138;1065137;
798677;798676;
660146;660145;
660228;660227;
659138;659137;
661416;661415;
659128;659127;
659422;659421;
660527;660526;
659580;659579;
658892;658891;
660868;660867;
660184;660183;
661024;661023;
659862;659861;
660708;660707;
661614;661613;
659698;659697;
660392;660391;
661386;661385;
659852;659851;
668901;668900;
659756;659755;
658369;658368;
660100;660099;
660634;660633;
660106;660105;
659962;659961;
802632;802629;
660800;660799;
659041;659040;
660394;660393;
659524;659523;
660632;660631;
659446;659445;
659738;659737;
660481;660480;
661320;661319;
661396;661395;
869357;869356;
659538;659537;
798502;798501;
856904;856903;
661666;661665;
659045;659044;
659504;659503;
660485;660484;
659486;659485;
659586;659585;
660501;660500;
661106;661105;
658840;658839;
660888;660887;
661460;661459;
660028;660027;
661172;661171;
659628;659627;
660776;660775;
659940;659939;
660451;660450;
883538;883537;
659328;659327;
660638;660637;
877605;877604;
661138;661137;
660541;660540;
659396;659395;
864866;864865;
659460;659459;
661360;661359;
658417;658416;
660277;660276;
863917;863916;
661004;661003;
660144;660143;
659982;659981;
659762;659761;
659946;659945;
659790;659789;
856471;856470;
660615;660614;
661231;661230;
660660;660659;
658377;658376;
668867;668866;
660668;660667;
670585;670584;
658441;658440;
660080;660079;
659912;659911;
660154;660153;
659740;659739;
797126;797125;
881738;881737;
661668;661667;
660946;660945;
660428;660427;
863313;863312;
660386;660385;
673623;673622;
1065256;1065255;
660064;660063;
659398;659397;
660267;660266;
937989;937988;
659073;659072;
1065262;1065261;
660607;660606;
660579;660578;
881705;881704;
659932;659931;
668932;668931;
660930;660929;
658407;658406;
672859;672858;
661436;661435;
658371;658370;
659744;659743;
660471;660470;
660824;660823;
1065168;1065167;0
872083;872082;
660778;660777;
798532;798531;
659702;659701;
660581;660580;
883524;883523;
659356;659355;
659564;659563;
661374;661373;
659984;659983;
870110;870109;
660908;660907;
658737;658736;
659574;659573;
661700;661699;
662125;662124;
660712;660711;
658771;658770;
662168;662167;
661328;661327;
659846;659845;
937983;937982;
673183;673182;
659470;659469;
662221;662220;
672616;672615;
804322;804321;
797122;797121;
660860;660859;
659442;659441;
660736;660735;
660042;660041;
660142;660141;
866216;866215;
660044;660043;
804320;804319;
660132;660131;
661058;661057;
659476;659475;
660780;660779;
760216;760215;
660281;660280;
659672;659671;
660599;660598;
660022;660021;
659916;659915;
863391;863390;
659528;659527;
661198;661197;
674400;674399;
671685;671684;
760576;760575;
660339;660338;
659608;659607;
1065224;1065223;
659878;659877;
661561;661560;
660295;660294;
658886;658885;
662174;662173;
659864;659863;
662184;662183;
660557;660556;
660414;660413;
658385;658384;
661000;660999;
658890;658889;
661686;661685;
661180;661179;
659990;659989;
1057707;1057706;
659880;659879;
1057703;1057702;
661094;661093;
659794;659793;
658824;658823;
659114;659113;
659716;659715;
660605;660604;
660158;660157;
660038;660037;
660714;660713;
661521;661520;
660110;660109;
660980;660979;
659840;659839;
856427;856426;
876021;876020;
672480;672479;
882691;882690;
797082;797081;
660732;660731;
658684;658683;
661092;661091;
659051;659050;
660748;660747;
1065258;1065257;
661340;661339;
660948;660947;
658773;658772;
661182;661181;
659340;659339;
797124;797123;
660030;660029;
661170;661169;
661688;661687;
660505;660504;
658409;658408;
661458;661457;
660364;660363;
671466;671465;
660070;660069;
660958;660957;
661273;661272;
660438;660437;
660525;660524;
660964;660963;
660920;660919;
658375;658374;
660050;660049;
661174;661173;
662106;662105;
660210;660209;
1065204;1065203;
663582;663581;
873346;873345;
660545;660544;
660006;660005;
660090;660089;
661523;661522;
660303;660302;
659306;659305;
778648;778647;C
659142;659141;
660297;660296;
659584;659583;
658870;658869;
659922;659921;
660551;660550;
661434;661433;
660828;660827;
660738;660737;
660172;660171;
659500;659499;
660426;660425;
661442;661441;
660024;660023;
798418;798417;
660640;660639;
660000;659999;
851985;851984;
659434;659433;
661618;661617;
658966;658965;
659522;659521;
661408;661407;
661539;661538;
660475;660474;
661066;661065;
671956;671955;
660790;660789;
660174;660173;
659592;659591;
659796;659795;
659544;659543;
658603;658602;
882817;882816;
660840;660839;
659828;659827;
878561;878560;
658838;658837;
660469;660468;
660293;660292;
798588;798587;
1058625;1058624;C
661474;661473;
865809;865808;
661140;661139;
1057701;1057700;
658569;658568;
883852;883851;
1065242;1065241;
658419;658418;
661308;661307;
660418;660417;
660559;660558;
662186;662185;
661440;661439;
798530;798529;
673701;673700;
661316;661315;
661414;661413;
660343;660342;
660549;660548;
661529;661528;
659610;659609;
659958;659957;
876795;876794;
660493;660492;
659334;659333;
660648;660647;
671913;671912;
661332;661331;
659898;659897;
673137;673136;
672370;672369;
660990;660989;
661428;661427;
865169;865168;
671306;671305;
876695;876694;
881421;881420;
670524;670523;
658894;658893;
870919;870918;
660170;660169;
866033;866032;
661036;661035;
672476;672475;
660642;660641;
661350;661349;
661018;661017;
866309;866308;
659902;659901;
661620;661619;
660479;660478;
658878;658877;
659103;659102;
660798;660797;
659007;659006;
660720;660719;
661082;661081;
672839;672838;
766204;766203;
661672;661671;
660440;660439;
660804;660803;
661212;661211;
660008;660007;
1058201;1058200;0
659492;659491;
660291;660290;
885781;885780;
659112;659111;
660784;660783;
658896;658895;
661690;661689;
660152;660151;
1057709;1057708;
797086;797085;
660354;660353;
660382;660381;
660305;660304;
660116;660115;
661116;661115;
660040;660039;
660702;660701;
660509;660508;
660453;660452;
661322;661321;
660846;660845;
660259;660258;
659424;659423;
660926;660925;
660265;660264;
659706;659705;
670222;670221;
660046;660045;
660912;660911;
660589;660588;
661130;661129;
659314;659313;
659854;659853;
660836;660835;
803975;803974;
862631;862630;
659484;659483;
659734;659733;
658427;658426;
661418;661417;
661294;661293;
660497;660496;
658579;658578;
659998;659997;
658359;658358;
660082;660081;
883673;883672;
797128;797127;
659348;659347;
658433;658432;
661206;661205;
660366;660365;
658429;658428;
659508;659507;
658854;658853;
660539;660538;
661406;661405;
671390;671389;
659594;659593;
661054;661053;
659824;659823;
660333;660332;
661682;661681;
661420;661419;
877659;877658;
760578;760577;
659466;659465;
865807;865806;
660726;660725;
659872;659871;
661214;661213;
659412;659411;
659516;659515;
660352;660351;
660150;660149;
658856;658855;
661726;661725;
660188;660187;
660457;660456;
877080;877079;
659157;659156;
660404;660403;
1065172;1065171;
661398;661397;
660788;660787;
876979;876978;
661168;661167;
660220;660219;
661074;661073;
659798;659797;
660884;660883;
660134;660133;
658597;658596;
659688;659687;
661104;661103;
661553;661552;
658573;658572;
660986;660985;
660410;660409;
659292;659291;
871991;871990;
659732;659731;
671151;671150;
660094;660093;
660358;660357;
661569;661568;
659626;659625;
659770;659769;
660273;660272;
660378;660377;
660698;660697;
660212;660211;
660656;660655;
660487;660486;
660535;660534;
798534;798533;
660052;660051;
660806;660805;
658437;658436;
658882;658881;
659320;659319;
659966;659965;
659884;659883;
778971;778970;C
658765;658764;
659664;659663;
660376;660375;
937578;937577;
874460;874459;
661076;661075;
660014;660013;
1057705;1057704;
658387;658386;
659578;659577;
920021;920020;0
661090;661089;
875795;875794;
661382;661381;
658405;658404;
661026;661025;
661096;661095;
659928;659927;
659454;659453;
659920;659919;
660396;660395;
660056;660055;
658938;658937;C
659696;659695;
798500;798499;
660287;660286;
659876;659875;
658822;658821;
661114;661113;
659980;659979;
797162;797161;
659720;659719;
660952;660951;
659418;659417;
664803;664802;
673141;673140;
659900;659899;
660892;660891;
670845;670844;
660792;660791;
671215;671214;
659842;659841;
658860;658859;
879914;879913;0
660611;660610;
660758;660757;
659480;659479;
661178;661177;
661462;661461;
658830;658829;
674305;674304;
661535;661534;
659029;659028;
659804;659803;
659474;659473;
659784;659783;
672402;672401;
661290;661289;
660096;660095;
660998;660997;
660531;660530;
661296;661295;
764212;764211;
658601;658600;
658373;658372;
658850;658849;
877914;877913;
661680;661679;
662129;662128;
659468;659467;
659548;659547;
660595;660594;
661592;661591;
659312;659311;
658842;658841;
661555;661554;
660768;660767;
658718;658717;
659988;659987;
661698;661697;
879728;879727;
660301;660300;
660858;660857;
660422;660421;
661108;661107;
660406;660405;
856473;856472;
659406;659405;
661342;661341;
659510;659509;
659622;659621;
661422;661421;
661271;661270;
865102;865101;
660734;660733;
660966;660965;
661388;661387;
672921;672920;
659750;659749;
661468;661467;
661046;661045;
659526;659525;
660992;660991;
881384;881383;
1065170;1065169;
661450;661449;
671323;671322;
660321;660320;
798644;798643;
659069;659068;
659382;659381;
661640;661639;
660646;660645;
662229;662228;
660275;660274;
660922;660921;
660774;660773;
660362;660361;
660523;660522;
877237;877236;
661336;661335;
659850;659849;
659976;659975;
660380;660379;
864519;864518;
660108;660107;
674420;674419;
660932;660931;
661184;661183;
660796;660795;
660430;660429;
673515;673514;
872419;872418;
659914;659913;
658767;658766;
660374;660373;
778484;778483;
863139;863138;
661378;661377;
937576;937575;
661188;661187;
797166;797165;
660092;660091;
660283;660282;
661279;661278;
659506;659505;
660216;660215;
660910;660909;
659582;659581;
661348;661347;
875632;875631;
661674;661673;
659282;659281;
659496;659495;
658357;658356;
661300;661299;
661519;661518;
660666;660665;
660130;660129;
659904;659903;
661692;661691;
659374;659373;
661384;661383;
662042;662041;C
659079;659078;
659452;659451;
660048;660047;
660060;660059;
659728;659727;
661541;661540;
659330;659329;
659378;659377;
660335;660334;
660938;660937;
660104;660103;
1065182;1065181;
661424;661423;
663580;663579;
659494;659493;
660279;660278;
661302;661301;
659530;659529;
660088;660087;
659908;659907;
658365;658364;
660285;660284;
660678;660677;
856469;856468;
661664;661663;
659338;659337;
659122;659121;
660128;660127;
659868;659867;
668170;668169;
672239;672238;
658739;658738;
659836;659835;
1072416;1072415;
661267;661266;
660547;660546;
659426;659425;
661196;661195;
660890;660889;
1057721;1057720;
661638;661637;
659972;659971;
659826;659825;
658864;658863;
658381;658380;
660467;660466;
1065140;1065139;
742976;742975;C
661448;661447;
659596;659595;
658583;658582;
1065208;1065207;
659286;659285;
659730;659729;
661444;661443;
660696;660695;
658411;658410;
660906;660905;
659458;659457;
660412;660411;
875390;875389;
661330;661329;
659558;659557;
660384;660383;
658587;658586;
660120;660119;
661044;661043;
659518;659517;
659674;659673;
660483;660482;
661078;661077;
659906;659905;
658898;658897;
867301;867300;
658425;658424;
929545;929544;
661404;661403;
660577;660576;
856467;856466;
658996;658995;
658964;658963;
658868;658867;
658379;658378;
658872;658871;
663563;663562;
660866;660865;
660962;660961;
658577;658576;
661310;661309;
660543;660542;
659414;659413;
660826;660825;
660658;660657;
661261;661260;
658998;658997;
672432;672431;
1072414;1072413;
674774;674773;
660521;660520;
1065222;1065221;
659039;659038;
659654;659653;
660289;660288;
660674;660673;
661204;661203;
661034;661033;
659882;659881;
659170;659169;
659736;659735;
661156;661155;
659616;659615;
660164;660163;
661318;661317;
660972;660971;
660974;660973;
1065206;1065205;
661186;661185;
660854;660853;
878080;878079;
798504;798503;
660603;660602;
659570;659569;
660914;660913;
658880;658879;
660503;660502;
659116;659115;
660166;660165;
660148;660147;
660862;660861;
660864;660863;
658968;658967;C
660936;660935;
1072418;1072417;
1065186;1065185;
659420;659419;
660436;660435;
661226;661225;
660838;660837;
659620;659619;
661136;661135;
661062;661061;
659464;659463;
660664;660663;
660180;660179;
659874;659873;
661718;661717;
659394;659393;
660156;660155;
660114;660113;
660982;660981;
660247;660246;
659360;659359;
660309;660308;
661028;661027;
659350;659349;
659552;659551;
661060;661059;
659888;659887;
659944;659943;
660032;660031;
659488;659487;
658980;658979;
661050;661049;
661312;661311;
866624;866623;
868534;868533;
659986;659985;
658936;658935;0
660449;660448;
660880;660879;
660621;660620;
660463;660462;
660122;660121;
660850;660849;
660960;660959;
1065160;1065159;
658571;658570;
660834;660833;
661346;661345;
662121;662120;
661220;661219;
660818;660817;
660511;660510;
661200;661199;
659612;659611;
660730;660729;
660575;660574;
659053;659052;
1057695;1057694;
760818;760817;
672057;672056;
937574;937573;
659366;659365;
661020;661019;
659600;659599;
660473;660472;
659960;659959;
659556;659555;
660754;660753;
660086;660085;
660555;660554;
661126;661125;
658439;658438;
659892;659891;
661098;661097;
660368;660367;
661372;661371;
659712;659711;
659692;659691;
661545;661544;
660742;660741;
660398;660397;
662225;662224;
660112;660111;
661565;661564;
658846;658845;
659890;659889;
660684;660683;
660420;660419;
659996;659995;
661586;661585;
659588;659587;
660329;660328;
1057697;1057696;
661012;661011;
1065264;1065263;
659257;659256;
659136;659135;
658810;658809;0
659400;659399;
659848;659847;
661402;661401;
878565;878564;
662197;662196;
933547;933546;
661362;661361;
661208;661207;
659546;659545;
660118;660117;
659316;659315;
660434;660433;
660455;660454;
661344;661343;
660507;660506;
660140;660139;
673914;673913;
672316;672315;
659964;659963;
660744;660743;
659924;659923;
659844;659843;
659071;659070;
660924;660923;
1065286;1065285;0
661144;661143;
659444;659443;
659408;659407;
658986;658985;
661662;661661;
658858;658857;
660802;660801;
660327;660326;
670780;670779;
660900;660899;
661753;661752;0
859356;859355;
658976;658975;
658367;658366;
661356;661355;
659832;659831;
659690;659689;
660084;660083;
659346;659345;
661716;661715;
658844;658843;
659554;659553;
660537;660536;
662144;662143;
659590;659589;
660004;660003;
659802;659801;
660876;660875;
659370;659369;
659752;659751;
658984;658983;
662127;662126;
659766;659765;
659482;659481;
659624;659623;
660772;660771;
661352;661351;
659746;659745;
660002;660001;
798496;798495;
661517;661516;
658383;658382;
659722;659721;
660226;660225;
661454;661453;
661216;661215;
659490;659489;
659772;659771;
660630;660629;
661016;661015;
661166;661165;
864281;864280;
660882;660881;
660499;660498;
659057;659056;
659956;659955;
659512;659511;
661176;661175;
659536;659535;
660416;660415;
663571;663570;
660650;660649;
661032;661031;
659520;659519;
660870;660869;
660994;660993;
659290;659289;
661366;661365;
659362;659361;
660461;660460;
658599;658598;
661030;661029;
660341;660340;
660062;660061;
661210;661209;
659866;659865;
660942;660941;
660372;660371;
660489;660488;
798560;798559;
661052;661051;
661368;661367;
660182;660181;
661400;661399;
661122;661121;
659754;659753;
660722;660721;
660074;660073;
660232;660231;
660874;660873;
1065246;1065245;
659614;659613;
660886;660885;
660970;660969;
659678;659677;
659456;659455;
661394;661393;
661120;661119;
658363;658362;
661002;661001;
658874;658873;
660058;660057;
661218;661217;
659742;659741;
661038;661037;
662172;662171;
659161;659160;
659760;659759;
659870;659869;
661146;661145;
1065230;1065229;
660830;660829;
660680;660679;
660597;660596;
1065226;1065225;
661265;661264;
660976;660975;
659432;659431;
829489;829488;0
660856;660855;
659550;659549;
660102;660101;
659786;659785;
660126;660125;
670545;670544;
661684;661683;
660672;660671;
659534;659533;
661014;661013;
661670;661669;
872368;872367;
660012;660011;
1065260;1065259;
659926;659925;
660313;660312;
662227;662226;
659768;659767;
661288;661287;
659724;659723;
660323;660322;
660968;660967;
661334;661333;
877386;877385;
660311;660310;
659978;659977;
1065244;1065243;
661064;661063;
660495;660494;
660078;660077;
658988;658987;
660408;660407;
659410;659409;
659428;659427;
660573;660572;
660934;660933;
658992;658991;
659540;659539;
661056;661055;
671648;671647;
870112;870111;
781592;781591;
660692;660691;
661164;661163;
660918;660917;
660740;660739;
797160;797159;
802630;802629;
863868;863867;
659560;659559;
952094;952093;
798618;798617;
660178;660177;
661110;661109;
874962;874961;
661412;661411;
661630;661629;
660251;660250;
660477;660476;
660553;660552;
660337;660336;
659376;659375;
834466;834465;
661324;661323;
659700;659699;
659152;659151;
659708;659707;
856425;856424;
660670;660669;
660168;660167;
658884;658883;
863216;863215;
661478;661477;
660878;660877;
661358;661357;
778551;778550;
660762;660761;
661338;661337;
660020;660019;
659514;659513;
660844;660843;
661438;661437;
660766;660765;
861095;861094;
659994;659993;
660325;660324;
659896;659895;
661048;661047;
660402;660401;
661102;661101;
659085;659084;
660591;660590;
661304;661303;
660018;660017;
660585;660584;
660894;660893;
660533;660532;
660565;660564;
659380;659379;
661370;661369;
658820;658819;
661190;661189;
660686;660685;
661132;661131;
659704;659703;
660816;660815;
661244;661243;
868724;868723;
660036;660035;
797084;797083;
660644;660643;
661134;661133;
659886;659885;
661694;661693;
673244;673243;
661537;661536;
661622;661621;
661006;661005;
671999;671998;
659404;659403;
659748;659747;
661452;661451;
660954;660953;
659542;659541;
660940;660939;
659860;659859;
1065216;1065215;
660984;660983;
660613;660612;
659970;659969;
661042;661041;
660988;660987;
661392;661391;
660872;660871;
659954;659953;
660218;660217;
660269;660268;
659918;659917;
660750;660749;
660950;660949;
661476;661475;
659808;659807;
660896;660895;
659436;659435;
658900;658899;
843403;843402;
658413;658412;
660619;660618;
658990;658989;
660700;660699;
660124;660123;
660390;660389;
669760;669759;C
660424;660423;
673008;673007;
658852;658851;
797152;797151;
661283;661282;
661040;661039;
661255;661254;
658848;658847;
661380;661379;
659992;659991;
660794;660793;
1065184;1065183;
658828;658827;
660587;660586;
661376;661375;
659818;659817;
660716;660715;
661124;661123;
661390;661389;
660054;660053;
658421;658420;
661626;661625;
1065232;1065231;
660459;660458;
658826;658825;
659448;659447;
660682;660681;
659936;659935;
659858;659857;
671414;671413;
1065248;1065247;
1065210;1065209;
659800;659799;
661128;661127;
661160;661159;
661068;661067;
659354;659353;
659598;659597;
659606;659605;
802631;802629;
660676;660675;
660652;660651;
659440;659439;
661326;661325;
660388;660387;
1065266;1065265;
660928;660927;
659304;659303;
659714;659713;
660076;660075;
659308;659307;
659618;659617;
658862;658861;
659462;659461;
659118;659117;
660222;660221;
661612;661611;
660822;660821;
659856;659855;
658585;658584;
659974;659973;
660904;660903;
661194;661193;
661100;661099;
661306;661305;
660718;660717;
798498;798497;
661192;661191;
660136;660135;
660010;660009;
659450;659449;
659364;659363;
879475;879474;
878831;878830;
744588;744587;C
660832;660831;
661084;661083;
660916;660915;
660944;660943;
660202;660201;
660176;660175;
660628;660627;
661480;661479;
778969;778968;C
661676;661675;
859165;859164;
660812;660811;
661118;661117;
660098;660097;
660902;660901;
660319;660318;
659950;659949;
660786;660785;
660138;660137;
659498;659497;
878316;878315;
658982;658981;
1058203;1058202;0
659764;659763;
660034;660033;
661678;661677;
659472;659471;
659430;659429;
661022;661021;
659438;659437;
659269;659268;
659810;659809;
857902;857901;
1065228;1065227;
659792;659791;
798675;798674;
658866;658865;
659968;659967;
834801;834800;
1065252;1065251;
660491;660490;
659830;659829;
660432;660431;
660370;660369;
660016;660015;
661112;661111;
674361;674360;
660704;660703;
659576;659575;
659067;659066;
661616;661615;
670455;670454;
661354;661353;
659710;659709;
659694;659693;
658575;658574;
797130;797129;
660724;660723;
659572;659571;
